Datetime,Water Level (m)
2025-05-04 00:00:00,-0.3137157
2025-05-04 01:00:00,-0.41467696
2025-05-04 02:00:00,-0.4174356
2025-05-04 03:00:00,-0.32301337
2025-05-04 04:00:00,-0.1419057
2025-05-04 05:00:00,0.090561226
2025-05-04 06:00:00,0.3013706
2025-05-04 07:00:00,0.43601838
2025-05-04 08:00:00,0.48607057
2025-05-04 09:00:00,0.45552507
2025-05-04 10:00:00,0.34700784
2025-05-04 11:00:00,0.17354828
2025-05-04 12:00:00,-0.018764902
2025-05-04 13:00:00,-0.19469339
2025-05-04 14:00:00,-0.34822795
2025-05-04 15:00:00,-0.39687037
2025-05-04 16:00:00,-0.36763182
2025-05-04 17:00:00,-0.27395487
2025-05-04 18:00:00,-0.12616867
2025-05-04 19:00:00,0.017051715
2025-05-04 20:00:00,0.11854139
2025-05-04 21:00:00,0.16422734
2025-05-04 22:00:00,0.14417243
2025-05-04 23:00:00,0.055182412
2025-05-05 00:00:00,-0.07615024
2025-05-05 01:00:00,-0.2003034
2025-05-05 02:00:00,-0.28309578
2025-05-05 03:00:00,-0.30986014
2025-05-05 04:00:00,-0.2687735
2025-05-05 05:00:00,-0.13518928
2025-05-05 06:00:00,0.03183528
2025-05-05 07:00:00,0.20209624
2025-05-05 08:00:00,0.345483
2025-05-05 09:00:00,0.4337624
2025-05-05 10:00:00,0.4392375
2025-05-05 11:00:00,0.36296454
2025-05-05 12:00:00,0.2184514
2025-05-05 13:00:00,0.02985667
2025-05-05 14:00:00,-0.17065407
2025-05-05 15:00:00,-0.3223052
2025-05-05 16:00:00,-0.40200126
2025-05-05 17:00:00,-0.40351608
2025-05-05 18:00:00,-0.315791
2025-05-05 19:00:00,-0.15885505
2025-05-05 20:00:00,-0.00213231
2025-05-05 21:00:00,0.13279025
2025-05-05 22:00:00,0.2207869
2025-05-05 23:00:00,0.23131484
2025-05-06 00:00:00,0.1619566
2025-05-06 01:00:00,0.044623565
2025-05-06 02:00:00,-0.075014
2025-05-06 03:00:00,-0.16995537
2025-05-06 04:00:00,-0.24538437
2025-05-06 05:00:00,-0.24040774
2025-05-06 06:00:00,-0.15547706
2025-05-06 07:00:00,-0.02544797
2025-05-06 08:00:00,0.13433115
2025-05-06 09:00:00,0.30800787
2025-05-06 10:00:00,0.43449077
2025-05-06 11:00:00,0.4473398
2025-05-06 12:00:00,0.38134864
2025-05-06 13:00:00,0.22802776
2025-05-06 14:00:00,0.03733943
2025-05-06 15:00:00,-0.18688828
2025-05-06 16:00:00,-0.35442376
2025-05-06 17:00:00,-0.4547973
2025-05-06 18:00:00,-0.444398
2025-05-06 19:00:00,-0.32715827
2025-05-06 20:00:00,-0.14932877
2025-05-06 21:00:00,0.01796682
2025-05-06 22:00:00,0.18848121
2025-05-06 23:00:00,0.2967537
2025-05-07 00:00:00,0.31517375
2025-05-07 01:00:00,0.24694249
2025-05-07 02:00:00,0.11193208
2025-05-07 03:00:00,-0.06076699
2025-05-07 04:00:00,-0.21366136
2025-05-07 05:00:00,-0.30534008
2025-05-07 06:00:00,-0.30866984
2025-05-07 07:00:00,-0.22149803
2025-05-07 08:00:00,-0.060128342
2025-05-07 09:00:00,0.14001188
2025-05-07 10:00:00,0.31989604
2025-05-07 11:00:00,0.44110605
2025-05-07 12:00:00,0.4763528
2025-05-07 13:00:00,0.3921406
2025-05-07 14:00:00,0.20910084
2025-05-07 15:00:00,-0.026483867
2025-05-07 16:00:00,-0.2604995
2025-05-07 17:00:00,-0.43822083
2025-05-07 18:00:00,-0.51527804
2025-05-07 19:00:00,-0.46241882
2025-05-07 20:00:00,-0.3161209
2025-05-07 21:00:00,-0.1024101
2025-05-07 22:00:00,0.1367375
2025-05-07 23:00:00,0.33653286
2025-05-08 00:00:00,0.4414883
2025-05-08 01:00:00,0.44240174
2025-05-08 02:00:00,0.33887506
2025-05-08 03:00:00,0.15029019
2025-05-08 04:00:00,-0.062416438
2025-05-08 05:00:00,-0.25223318
2025-05-08 06:00:00,-0.35921806
2025-05-08 07:00:00,-0.350538
2025-05-08 08:00:00,-0.23150004
2025-05-08 09:00:00,-0.031906806
2025-05-08 10:00:00,0.18500882
2025-05-08 11:00:00,0.37919736
2025-05-08 12:00:00,0.4936421
2025-05-08 13:00:00,0.47961697
2025-05-08 14:00:00,0.34617937
2025-05-08 15:00:00,0.13088097
2025-05-08 16:00:00,-0.13921133
2025-05-08 17:00:00,-0.38914618
2025-05-08 18:00:00,-0.55337244
2025-05-08 19:00:00,-0.5899124
2025-05-08 20:00:00,-0.4835685
2025-05-08 21:00:00,-0.2629815
2025-05-08 22:00:00,0.013851073
2025-05-08 23:00:00,0.27834126
2025-05-09 00:00:00,0.4768981
2025-05-09 01:00:00,0.5608405
2025-05-09 02:00:00,0.5091697
2025-05-09 03:00:00,0.33564836
2025-05-09 04:00:00,0.09304535
2025-05-09 05:00:00,-0.14970532
2025-05-09 06:00:00,-0.3486636
2025-05-09 07:00:00,-0.43496633
2025-05-09 08:00:00,-0.38704622
2025-05-09 09:00:00,-0.21867411
2025-05-09 10:00:00,0.019658381
2025-05-09 11:00:00,0.26516923
2025-05-09 12:00:00,0.46335062
2025-05-09 13:00:00,0.54203236
2025-05-09 14:00:00,0.4819043
2025-05-09 15:00:00,0.28947467
2025-05-09 16:00:00,0.01911729
2025-05-09 17:00:00,-0.29356268
2025-05-09 18:00:00,-0.53681684
2025-05-09 19:00:00,-0.64320487
2025-05-09 20:00:00,-0.6005997
2025-05-09 21:00:00,-0.4077968
2025-05-09 22:00:00,-0.11724
2025-05-09 23:00:00,0.20142013
2025-05-10 00:00:00,0.4706921
